tmdb,type,buttonid
414906,movie,5
634649,movie,
799876,movie,6
508947,movie,
675353,movie,3
606402,movie,
294793,movie,7
406759,movie,
919689,movie,
568124,movie,
335787,movie,
414906,movie,
763285,movie,
634649,movie,
777831,movie,
406759,movie,
927070,movie,
675353,movie,
950063,movie,
639933,movie,
414906,movie,
634649,movie,
799876,movie,
508947,movie,
675353,movie,
606402,movie,
294793,movie,
406759,movie,
919689,movie,
568124,movie,
335787,movie,
414906,movie,
763285,movie,
634649,movie,
777831,movie,
406759,movie,
927070,movie,
675353,movie,
950063,movie,
639933,movie,
